Molecule,Atom,orbital_energy,Ef,E_vac,Ar_orbital_energy,Ar_ref
molecule_001,core_B_001,-201.468,-8.584,0.20508610817480769,-201.444,-296.670
molecule_001,core_B_002,-201.468,-8.584,0.20508573479966669,-201.444,-296.670
molecule_002,core_B_001,-200.161,-6.490,0.26900253950962766,-200.136,-296.616
molecule_002,core_C_002,-295.945,-5.295,0.2675611492976813,-295.924,-296.618
molecule_002,core_C_003,-296.474,-4.900,0.2679269068582072,-296.451,-296.621
molecule_002,core_C_004,-295.945,-5.295,0.2675638787483454,-295.922,-296.617
molecule_002,core_C_005,-296.474,-4.900,0.26792874290909635,-296.454,-296.622
molecule_002,core_C_006,-295.946,-5.295,0.267553540970255,-295.923,-296.618
molecule_002,core_C_007,-296.474,-4.900,0.267934002543711,-296.451,-296.622
molecule_003,core_B_001,-198.247,-4.060,0.282446778424129,-198.224,-296.601
molecule_003,core_C_003,-297.885,-2.630,0.28842536518389206,-297.862,-296.598
molecule_003,core_C_004,-297.240,-2.303,0.29252481647705064,-297.215,-296.600
molecule_003,core_C_005,-297.656,-2.787,0.2875229238136087,-297.632,-296.599
molecule_003,core_C_006,-296.570,-2.763,0.2917114447258742,-296.546,-296.601
molecule_003,core_C_007,-297.657,-2.787,0.2875182840082369,-297.633,-296.599
molecule_003,core_C_008,-296.569,-2.763,0.2917102299110782,-296.546,-296.601
molecule_003,core_N_002,-414.573,-2.831,0.2877797388161756,-414.551,-296.599
molecule_004,core_B_001,-201.169,-6.916,0.23363918015708468,-201.145,-296.644
molecule_004,core_B_002,-201.169,-6.916,0.23763572510691333,-201.145,-296.644
molecule_004,core_B_003,-201.169,-6.916,0.23798123465994744,-201.145,-296.644
molecule_004,core_C_004,-296.547,-6.833,0.23836423429365383,-296.524,-296.644
molecule_004,core_C_005,-296.547,-6.833,0.23836426770458982,-296.524,-296.644
molecule_005,core_B_001,-200.118,-5.310,0.35271661409690436,-200.094,-296.535
molecule_005,core_B_010,-200.118,-5.310,0.3527158810848088,-200.094,-296.535
molecule_005,core_C_003,-295.579,-4.631,0.3529777291597732,-295.553,-296.537
molecule_005,core_C_004,-296.369,-4.384,0.34849407816284594,-296.343,-296.543
molecule_005,core_C_005,-296.354,-4.210,0.35018022321897,-296.330,-296.555
molecule_005,core_C_006,-295.560,-4.649,0.3513155553022318,-295.537,-296.537
molecule_005,core_C_007,-296.367,-4.407,0.3470323292258237,-296.346,-296.543
molecule_005,core_C_008,-296.375,-4.321,0.329486566285225,-296.352,-296.545
molecule_005,core_C_011,-295.560,-4.649,0.35131673062828694,-295.537,-296.537
molecule_005,core_C_012,-296.366,-4.407,0.3470292516920375,-296.346,-296.543
molecule_005,core_C_013,-296.375,-4.321,0.32948579762997937,-296.352,-296.546
molecule_005,core_C_014,-295.579,-4.631,0.35297869994307485,-295.554,-296.537
molecule_005,core_C_015,-296.369,-4.384,0.3484976963007529,-296.343,-296.543
molecule_005,core_C_016,-296.354,-4.210,0.3501755164469269,-296.328,-296.555
molecule_006,core_B_001,-199.663,-4.988,0.347151281093707,-199.639,-296.536
molecule_006,core_B_004,-199.661,-4.949,0.34194482548212796,-199.637,-296.536
molecule_006,core_B_007,-199.681,-4.940,0.34888591175259426,-199.657,-296.536
molecule_006,core_C_002,-295.847,-4.328,0.3437050858574571,-295.823,-296.539
molecule_006,core_C_003,-296.310,-4.224,0.34549443625962006,-296.286,-296.544
molecule_006,core_C_005,-295.848,-4.282,0.320823138843662,-295.823,-296.539
molecule_006,core_C_006,-296.292,-4.134,0.31555368263807665,-296.269,-296.546
molecule_006,core_C_008,-295.858,-4.272,0.35125625232685675,-295.835,-296.539
molecule_006,core_C_009,-296.310,-4.167,0.3553822190188234,-296.286,-296.546
molecule_006,core_C_010,-295.138,-4.918,0.3471540751278343,-295.113,-296.536
molecule_006,core_C_011,-296.523,-4.348,0.34795699891692755,-296.497,-296.539
molecule_006,core_C_012,-296.313,-4.162,0.3375170069472476,-296.291,-296.544
molecule_006,core_C_013,-295.140,-4.915,0.34788935421278455,-295.115,-296.536
molecule_006,core_C_014,-296.537,-4.331,0.3503907287962298,-296.511,-296.540
molecule_006,core_C_015,-296.318,-4.143,0.3528993030996851,-296.294,-296.545
molecule_007,core_B_002,-200.753,-5.941,0.25098482354629287,-200.728,-296.630
molecule_007,core_B_004,-200.401,-6.092,0.2562408506634751,-200.377,-296.630
molecule_007,core_B_007,-201.105,-5.885,0.2559873699005735,-201.081,-296.630
molecule_007,core_B_009,-200.401,-6.092,0.25623935459680197,-200.377,-296.630
molecule_007,core_C_001,-297.140,-6.256,0.25589243323004945,-297.117,-296.630
molecule_007,core_C_003,-297.140,-6.256,0.2558666101066597,-297.117,-296.630
molecule_008,core_B_002,-201.381,-5.759,0.256594756360881,-201.357,-296.623
molecule_008,core_B_004,-200.827,-6.209,0.2632112732512366,-200.802,-296.623
molecule_008,core_B_006,-201.381,-5.759,0.25659387502853837,-201.357,-296.623
molecule_008,core_B_009,-200.085,-6.187,0.26288865155776675,-200.061,-296.623
molecule_008,core_B_011,-200.085,-6.186,0.26288566472841135,-200.061,-296.623
molecule_008,core_C_001,-297.410,-6.102,0.262182080376242,-297.387,-296.623
molecule_008,core_C_008,-297.410,-6.102,0.2621590196341342,-297.386,-296.623
molecule_009,core_B_003,-201.314,-5.880,0.3023706234893822,-201.291,-296.567
molecule_009,core_B_004,-199.842,-5.890,0.2989779307676509,-199.819,-296.567
molecule_009,core_B_005,-200.672,-5.870,0.30494366897232367,-200.649,-296.567
molecule_009,core_B_006,-199.971,-5.798,0.30280702081811767,-199.948,-296.567
molecule_009,core_B_012,-200.672,-5.870,0.30495102722500833,-200.649,-296.567
molecule_009,core_B_013,-199.842,-5.890,0.2989762557964458,-199.818,-296.567
molecule_009,core_B_014,-201.314,-5.880,0.3023687962339979,-201.291,-296.567
molecule_009,core_B_015,-200.672,-5.870,0.30494984359109606,-200.648,-296.567
molecule_009,core_B_016,-200.672,-5.870,0.30494390238049257,-200.648,-296.567
molecule_009,core_B_017,-199.970,-5.798,0.3028097718737486,-199.947,-296.567
molecule_009,core_C_001,-299.093,-5.943,0.3005864969122667,-299.068,-296.567
molecule_009,core_C_002,-299.093,-5.943,0.30058691244302627,-299.068,-296.567
molecule_010,core_B_002,-201.295,-5.854,0.30921958906451563,-201.271,-296.568
molecule_010,core_B_003,-200.633,-5.764,0.315324430398911,-200.610,-296.567
molecule_010,core_B_004,-200.510,-5.850,0.31315991938157417,-200.486,-296.567
molecule_010,core_B_005,-200.633,-5.764,0.31531557224085777,-200.610,-296.567
molecule_010,core_B_006,-199.951,-5.846,0.30919829472333493,-199.929,-296.568
molecule_010,core_B_012,-200.510,-5.850,0.31309197969745084,-200.486,-296.567
molecule_010,core_B_013,-199.952,-5.846,0.30921992954984356,-199.929,-296.567
molecule_010,core_B_014,-201.295,-5.854,0.30921662829101204,-201.272,-296.567
molecule_010,core_B_015,-200.633,-5.764,0.3153147678606674,-200.610,-296.567
molecule_010,core_B_017,-200.633,-5.764,0.31531375393348254,-200.610,-296.567
molecule_010,core_C_001,-298.378,-5.850,0.31295187434693206,-298.355,-296.567
molecule_010,core_C_016,-298.378,-5.850,0.3128995926327953,-298.355,-296.567
molecule_011,core_C_001,-297.038,-7.914,0.1989386507302813,-297.014,-296.680
molecule_012,core_C_001,-296.731,-5.737,0.2127643631796636,-296.707,-296.660
molecule_012,core_C_002,-296.886,-6.089,0.21854606342048297,-296.863,-296.658
molecule_012,core_C_003,-296.731,-5.737,0.21276478242991753,-296.707,-296.660
molecule_013,core_C_001,-296.917,-5.807,0.2428604124695137,-296.890,-296.636
molecule_013,core_C_002,-296.462,-5.497,0.23633903774143214,-296.436,-296.637
molecule_013,core_C_003,-296.463,-5.497,0.24591851879816937,-296.437,-296.637
molecule_013,core_C_004,-296.462,-5.497,0.2402528512161748,-296.439,-296.637
molecule_013,core_C_005,-296.463,-5.497,0.24515476387930557,-296.439,-296.637
molecule_014,core_C_001,-296.423,-6.633,0.22493037161230486,-296.400,-296.662
molecule_014,core_C_002,-296.955,-6.660,0.22479769879205602,-296.932,-296.662
molecule_014,core_C_003,-297.063,-5.448,0.2241462529678024,-297.040,-296.663
molecule_015,core_C_001,-295.986,-6.159,0.22435624136127216,-295.964,-296.652
molecule_015,core_C_002,-296.921,-6.222,0.22389017562388513,-296.898,-296.651
molecule_015,core_C_003,-296.875,-5.046,0.21861878448506786,-296.851,-296.652
molecule_015,core_C_004,-296.875,-5.046,0.21862203924243592,-296.851,-296.652
molecule_016,core_C_001,-297.939,-5.377,0.2196135668466167,-297.915,-296.667
molecule_016,core_C_002,-297.114,-6.573,0.22024336614200116,-297.091,-296.666
molecule_016,core_C_003,-296.493,-6.512,0.22028478553880051,-296.469,-296.666
molecule_017,core_C_001,-296.198,-5.576,0.2692523274489048,-296.174,-296.629
molecule_017,core_C_002,-296.531,-5.723,0.26917711690787727,-296.508,-296.629
molecule_017,core_C_003,-296.813,-4.912,0.2685742638414715,-296.789,-296.633
molecule_017,core_C_004,-296.195,-5.587,0.2692662520261739,-296.172,-296.629
molecule_017,core_C_005,-296.307,-5.598,0.269352011172145,-296.284,-296.629
molecule_017,core_C_006,-296.227,-5.684,0.2693730178451159,-296.203,-296.630
molecule_017,core_C_007,-296.305,-5.606,0.26935745128430943,-296.281,-296.629
molecule_018,core_N_001,-413.579,-7.016,0.20214649840085516,-413.554,-296.681
molecule_019,core_C_001,-297.790,-5.070,0.2056010808131687,-297.766,-296.671
molecule_019,core_N_002,-413.217,-6.020,0.20583054026058145,-413.193,-296.671
molecule_020,core_C_001,-296.025,-4.977,0.2713561672174201,-296.002,-296.632
molecule_020,core_C_002,-297.464,-5.011,0.27119504849628945,-297.441,-296.631
molecule_020,core_C_004,-296.025,-4.977,0.271371739949082,-296.002,-296.632
molecule_020,core_C_005,-296.211,-4.943,0.27135603829776755,-296.188,-296.632
molecule_020,core_C_006,-295.855,-4.847,0.2714875583383056,-295.832,-296.632
molecule_020,core_C_007,-296.211,-4.943,0.271351790824455,-296.188,-296.632
molecule_020,core_N_003,-413.302,-4.721,0.2710747644042036,-413.282,-296.634
molecule_021,core_C_001,-295.831,-4.682,0.28303974263173737,-295.807,-296.620
molecule_021,core_C_002,-297.286,-4.676,0.2829682510251202,-297.261,-296.620
molecule_021,core_C_004,-297.852,-3.991,0.2823489031849074,-297.828,-296.627
molecule_021,core_C_005,-295.872,-4.729,0.28305346357799904,-295.848,-296.621
molecule_021,core_C_006,-296.082,-4.655,0.2831182075891076,-296.058,-296.622
molecule_021,core_C_007,-295.682,-4.566,0.2831809925691558,-295.658,-296.622
molecule_021,core_C_008,-296.063,-4.687,0.283123705007627,-296.039,-296.622
molecule_021,core_N_003,-413.144,-4.529,0.2825905848042451,-413.120,-296.623
molecule_022,core_C_001,-295.697,-4.482,0.2944578740733203,-295.673,-296.609
molecule_022,core_C_002,-297.154,-4.396,0.294360193266092,-297.132,-296.609
molecule_022,core_C_004,-297.717,-3.833,0.2937354026628749,-297.694,-296.614
molecule_022,core_C_005,-297.718,-3.833,0.29376019311312773,-297.694,-296.614
molecule_022,core_C_006,-295.697,-4.482,0.29445632112426307,-295.673,-296.609
molecule_022,core_C_007,-295.947,-4.451,0.2946778122970668,-295.924,-296.611
molecule_022,core_C_008,-295.539,-4.297,0.29463575582112655,-295.516,-296.612
molecule_022,core_C_009,-295.947,-4.451,0.29467856830467576,-295.924,-296.611
molecule_022,core_N_003,-413.085,-4.345,0.29382338194284796,-413.058,-296.611
molecule_023,core_C_001,-297.139,-6.519,0.2744362702630966,-297.115,-296.616
molecule_023,core_C_002,-297.934,-6.770,0.2742790802193349,-297.909,-296.615
molecule_023,core_C_003,-298.155,-6.404,0.2748130728851571,-298.131,-296.619
molecule_023,core_C_005,-297.139,-6.519,0.27449092974427625,-297.115,-296.616
molecule_023,core_C_006,-297.097,-6.404,0.2744017635311752,-297.073,-296.617
molecule_023,core_C_007,-297.045,-6.654,0.27445015952232543,-297.021,-296.617
molecule_023,core_C_008,-297.097,-6.404,0.27440924459542915,-297.073,-296.617
molecule_023,core_N_004,-412.596,-6.457,0.2742836515821691,-412.572,-296.618
molecule_024,core_C_001,-297.494,-6.156,0.25432564871287433,-297.470,-296.639
molecule_024,core_C_003,-297.494,-6.156,0.2543318540043794,-297.470,-296.639
molecule_024,core_C_004,-296.880,-5.948,0.2542170780459456,-296.856,-296.639
molecule_024,core_C_005,-297.158,-6.030,0.25430126456639085,-297.134,-296.639
molecule_024,core_C_006,-296.880,-5.948,0.25421512128160934,-296.856,-296.639
molecule_024,core_N_002,-412.666,-6.562,0.2538217982128298,-412.642,-296.638
molecule_025,core_C_001,-296.927,-5.242,0.247782983535942,-296.903,-296.649
molecule_025,core_C_003,-296.927,-5.242,0.24778350353651746,-296.903,-296.649
molecule_025,core_C_004,-296.051,-4.877,0.247726109789984,-296.027,-296.649
molecule_025,core_C_005,-296.051,-4.877,0.24772432614085896,-296.027,-296.649
molecule_025,core_N_002,-414.231,-4.938,0.24767834045090772,-414.206,-296.649
molecule_026,core_C_001,-299.603,-9.377,0.19730735684197007,-299.580,-296.675
molecule_026,core_N_002,-414.683,-9.535,0.19822517594715156,-414.659,-296.675
molecule_027,core_C_001,-298.912,-6.584,0.21532787829076347,-298.888,-296.664
molecule_027,core_C_002,-298.853,-8.029,0.2164393812480264,-298.829,-296.663
molecule_027,core_N_003,-413.331,-8.005,0.21588593916366744,-413.307,-296.663
molecule_028,core_C_002,-297.592,-4.620,0.20862514241697439,-297.568,-296.661
molecule_028,core_C_003,-297.592,-4.620,0.2086263186817262,-297.568,-296.661
molecule_028,core_N_001,-413.025,-5.439,0.2133306208299475,-413.002,-296.660
molecule_029,core_C_001,-296.785,-4.512,0.22275951423688145,-296.762,-296.662
molecule_029,core_C_002,-297.707,-4.909,0.2224208904002428,-297.682,-296.661
molecule_029,core_N_003,-412.976,-5.748,0.2230093356903472,-412.952,-296.661
molecule_030,core_C_002,-297.463,-4.380,0.23923966363506222,-297.441,-296.650
molecule_030,core_C_003,-297.464,-4.380,0.23923915208509972,-297.442,-296.650
molecule_030,core_C_004,-297.463,-4.380,0.23924005613893956,-297.442,-296.650
molecule_030,core_N_001,-412.957,-4.966,0.23767319157592315,-412.931,-296.649
molecule_031,core_C_002,-297.429,-4.370,0.24572137303467328,-297.404,-296.640
molecule_031,core_C_003,-296.716,-4.107,0.24619395264905225,-296.691,-296.645
molecule_031,core_C_004,-297.429,-4.370,0.24571907115626554,-297.404,-296.640
molecule_031,core_C_005,-296.714,-4.106,0.2461830876606672,-296.692,-296.645
molecule_031,core_N_001,-412.584,-5.117,0.2458222085073106,-412.561,-296.639
molecule_032,core_C_001,-295.738,-4.285,0.3051641505317449,-295.714,-296.603
molecule_032,core_C_002,-296.563,-4.125,0.30537996505881937,-296.539,-296.603
molecule_032,core_C_004,-297.263,-3.534,0.3030456079207313,-297.237,-296.610
molecule_032,core_C_005,-297.296,-3.512,0.30446939413468765,-297.272,-296.610
molecule_032,core_C_006,-295.719,-4.237,0.30533743739617414,-295.695,-296.603
molecule_032,core_C_007,-295.723,-4.215,0.3056703714082013,-295.699,-296.604
molecule_032,core_C_008,-296.880,-4.131,0.3055381390338814,-296.856,-296.603
molecule_032,core_C_010,-295.787,-4.197,0.30559168333281156,-295.763,-296.603
molecule_032,core_N_003,-412.687,-3.850,0.303833268931533,-412.662,-296.606
molecule_032,core_N_009,-412.988,-3.757,0.30570024556932096,-412.964,-296.611
molecule_033,core_C_001,-296.844,-5.516,0.2877364135273623,-296.820,-296.608
molecule_033,core_C_002,-297.212,-5.588,0.2876239967780581,-297.188,-296.608
molecule_033,core_C_003,-297.584,-5.308,0.2882577981147945,-297.559,-296.613
molecule_033,core_C_005,-296.844,-5.516,0.2877327895253835,-296.820,-296.608
molecule_033,core_C_006,-296.620,-5.465,0.28779281023144815,-296.595,-296.608
molecule_033,core_C_007,-298.106,-5.651,0.2877555499608713,-298.082,-296.608
molecule_033,core_C_009,-296.620,-5.465,0.28779177834420616,-296.595,-296.608
molecule_033,core_N_004,-411.956,-5.369,0.2877326800000641,-411.932,-296.612
molecule_033,core_N_008,-413.810,-5.329,0.2875720358712274,-413.783,-296.613
molecule_034,core_C_001,-297.679,-4.713,0.22885607565179733,-297.650,-296.648
molecule_034,core_C_002,-296.646,-4.412,0.2304232582735749,-296.623,-296.650
molecule_034,core_C_003,-296.674,-4.602,0.23036196376636273,-296.651,-296.650
molecule_034,core_N_004,-412.776,-5.613,0.23053573831263768,-412.752,-296.649
molecule_035,core_C_001,-297.677,-4.604,0.24446491564488354,-297.654,-296.638
molecule_035,core_C_002,-296.517,-4.386,0.2465783379800623,-296.495,-296.639
molecule_035,core_C_003,-296.549,-4.560,0.24438988227740288,-296.527,-296.639
molecule_035,core_C_004,-296.517,-4.386,0.2465762739776847,-296.493,-296.639
molecule_035,core_N_005,-412.620,-5.506,0.23696232878810852,-412.597,-296.638
molecule_036,core_O_001,-548.792,-8.425,0.196321533092652,-548.767,-296.683
molecule_037,core_C_001,-300.178,-7.619,0.21728496101086145,-300.154,-296.663
molecule_037,core_C_003,-297.624,-6.333,0.21582266210135476,-297.601,-296.664
molecule_037,core_O_002,-547.492,-7.890,0.21646075688351898,-547.469,-296.663
molecule_038,core_C_001,-298.670,-5.815,0.2088763670520554,-298.646,-296.673
molecule_038,core_O_002,-548.138,-6.860,0.20963709100316852,-548.114,-296.673
molecule_039,core_C_001,-298.437,-5.253,0.22477178329299044,-298.408,-296.649
molecule_039,core_C_002,-296.846,-5.050,0.2262297190701142,-296.822,-296.651
molecule_039,core_C_003,-296.845,-5.050,0.2262299870076556,-296.823,-296.651
molecule_039,core_O_004,-547.492,-6.096,0.2266091325511897,-547.468,-296.650
molecule_040,core_C_001,-298.394,-5.131,0.2435949893195932,-298.368,-296.639
molecule_040,core_C_002,-296.694,-4.984,0.24434432885287394,-296.671,-296.640
molecule_040,core_C_003,-296.692,-4.983,0.24433554705924235,-296.672,-296.640
molecule_040,core_C_004,-296.591,-4.762,0.2450529185326932,-296.568,-296.640
molecule_040,core_O_005,-547.281,-5.872,0.23693122155866975,-547.255,-296.639
molecule_041,core_C_001,-298.435,-5.165,0.2223553940264889,-298.412,-296.663
molecule_041,core_C_003,-298.435,-5.165,0.22235519206986581,-298.412,-296.663
molecule_041,core_O_002,-547.732,-5.874,0.2213514763542749,-547.709,-296.662
molecule_042,core_C_001,-296.799,-4.461,0.2435072264863194,-296.780,-296.648
molecule_042,core_C_002,-298.176,-4.820,0.24210793998018856,-298.152,-296.643
molecule_042,core_C_004,-298.176,-4.820,0.24211012453030667,-298.152,-296.643
molecule_042,core_C_005,-296.799,-4.461,0.24350919730182344,-296.778,-296.647
molecule_042,core_O_003,-547.146,-5.373,0.24278877440893765,-547.123,-296.642
molecule_043,core_C_001,-297.926,-6.024,0.22523804455309449,-297.902,-296.656
molecule_043,core_C_002,-301.310,-7.362,0.2267697583762875,-301.286,-296.655
molecule_043,core_O_003,-547.041,-7.577,0.22612368035522754,-547.018,-296.655
molecule_043,core_O_004,-549.021,-6.444,0.2264156184506712,-548.997,-296.655
molecule_044,core_C_001,-301.732,-8.098,0.21639287314953226,-301.708,-296.665
molecule_044,core_O_002,-547.807,-8.388,0.2156098065682315,-547.783,-296.665
molecule_044,core_O_003,-549.669,-7.317,0.21580095742143635,-549.644,-296.665
molecule_045,core_C_001,-300.747,-8.494,0.20686197684692378,-300.723,-296.674
molecule_045,core_O_002,-548.506,-8.860,0.2059033320641805,-548.482,-296.674
molecule_046,core_C_001,-297.275,-5.789,0.22699489713143314,-297.251,-296.654
molecule_046,core_C_002,-299.820,-7.009,0.22811476711140558,-299.794,-296.652
molecule_046,core_C_004,-297.274,-5.789,0.2269962144593422,-297.250,-296.654
molecule_046,core_O_003,-546.805,-7.250,0.22732391550634318,-546.780,-296.653
molecule_047,core_C_001,-296.000,-5.806,0.23463658664757253,-295.789,-296.713
molecule_047,core_C_002,-298.553,-5.904,0.23434679445278406,-298.530,-296.654
molecule_047,core_C_003,-297.113,-4.676,0.23377152006773907,-297.090,-296.656
molecule_047,core_O_004,-548.368,-5.317,0.23480101507879497,-548.345,-296.655
molecule_048,core_C_001,-302.369,-10.901,0.205107829487394,-302.344,-296.674
molecule_048,core_O_002,-551.605,-10.050,0.205686555947918,-551.580,-296.674
molecule_049,core_C_002,-303.465,-9.205,0.21404225318706963,-303.441,-296.666
molecule_049,core_O_001,-550.279,-8.974,0.21461485443731107,-550.255,-296.666
molecule_049,core_O_003,-550.279,-8.974,0.2146146077959451,-550.255,-296.666
molecule_050,core_O_001,-553.084,-11.488,0.20175164011032462,-552.043,-297.589
molecule_050,core_O_002,-553.083,-11.488,0.2017756899051805,-552.043,-297.589
molecule_051,core_O_001,-549.905,-8.102,0.20669794635941258,-549.881,-296.676
molecule_051,core_O_002,-549.905,-8.102,0.20669797424208358,-549.881,-296.676
molecule_052,core_C_001,-296.438,-6.249,0.22386267590918416,-296.414,-296.664
molecule_052,core_C_002,-298.674,-6.290,0.22366919432498666,-298.650,-296.664
molecule_052,core_O_003,-548.705,-5.733,0.22385888234863074,-548.682,-296.664
molecule_053,core_C_001,-296.407,-5.431,0.26775192698271083,-296.383,-296.631
molecule_053,core_C_002,-298.189,-5.520,0.2676689062992457,-298.163,-296.631
molecule_053,core_C_004,-296.258,-5.439,0.26772879343225703,-296.233,-296.632
molecule_053,core_C_005,-296.460,-5.419,0.2677351426432672,-296.435,-296.632
molecule_053,core_C_006,-296.185,-5.365,0.26786318983453855,-296.161,-296.632
molecule_053,core_C_007,-296.492,-5.431,0.26768513967404445,-296.468,-296.632
molecule_053,core_O_003,-548.258,-5.116,0.2678927538976359,-548.235,-296.633
molecule_054,core_C_001,-297.563,-5.340,0.2499025078858619,-297.539,-296.642
molecule_054,core_C_002,-300.764,-6.427,0.25127210147002155,-300.740,-296.639
molecule_054,core_C_005,-298.520,-6.194,0.25080125244105567,-298.496,-296.641
molecule_054,core_C_006,-296.566,-6.040,0.2510332257091987,-296.542,-296.642
molecule_054,core_O_003,-546.863,-6.121,0.2505480379655063,-546.841,-296.639
molecule_054,core_O_004,-548.667,-6.103,0.2508554423829923,-548.643,-296.638
molecule_055,core_F_001,-704.777,-10.720,0.19050906556201905,-704.753,-296.684
molecule_056,core_F_001,-707.380,-13.526,0.1971511075953914,-705.913,-297.863
molecule_056,core_F_002,-707.380,-13.526,0.19714945210918114,-705.913,-297.863
molecule_057,core_C_001,-299.726,-7.039,0.20454831251759775,-299.702,-296.674
molecule_057,core_F_002,-703.525,-7.558,0.20570221387990592,-703.501,-296.674
molecule_058,core_C_001,-302.394,-7.108,0.21738496041205363,-302.371,-296.666
molecule_058,core_F_002,-704.288,-6.773,0.2145311175760721,-704.264,-296.667
molecule_058,core_F_003,-704.288,-6.773,0.2145318962685373,-704.265,-296.667
molecule_059,core_C_001,-305.050,-7.733,0.21445243970917593,-305.026,-296.659
molecule_059,core_F_002,-705.040,-7.211,0.2159858612776458,-705.015,-296.659
molecule_059,core_F_003,-705.038,-7.211,0.21598822265844597,-705.013,-296.659
molecule_059,core_F_004,-705.037,-7.212,0.21598683961962134,-705.012,-296.659
molecule_060,core_C_001,-307.622,-7.916,0.22701482416656646,-307.597,-296.651
molecule_060,core_F_002,-705.791,-7.533,0.2252045067924948,-705.769,-296.652
molecule_060,core_F_003,-705.791,-7.533,0.22447265848063253,-705.768,-296.652
molecule_060,core_F_004,-705.792,-7.532,0.2282131811574656,-705.768,-296.652
molecule_060,core_F_005,-705.792,-7.532,0.2281131299834072,-705.769,-296.652
molecule_061,core_C_001,-297.289,-7.076,0.21040171118723092,-297.265,-296.660
molecule_061,core_C_002,-302.110,-7.276,0.21177165002914067,-302.086,-296.659
molecule_061,core_F_003,-704.818,-6.281,0.21371204721377832,-704.794,-296.659
molecule_061,core_F_004,-704.818,-6.281,0.2137122679860085,-704.794,-296.659
molecule_062,core_C_001,-298.105,-6.802,0.23346142230380565,-298.081,-296.651
molecule_062,core_C_002,-304.527,-7.105,0.23293872711663227,-304.504,-296.649
molecule_062,core_F_003,-704.430,-6.710,0.23238824354601206,-704.405,-296.649
molecule_062,core_F_004,-704.436,-6.709,0.233688520347099,-704.410,-296.649
molecule_062,core_F_005,-704.438,-6.709,0.2295858130684461,-704.413,-296.649
molecule_063,core_C_002,-302.157,-7.086,0.2308103007397141,-302.133,-296.650
molecule_063,core_C_003,-299.791,-6.946,0.23091034806426397,-299.768,-296.651
molecule_063,core_F_001,-705.121,-6.098,0.23100039892658153,-705.098,-296.651
molecule_063,core_F_004,-704.441,-6.188,0.23119302217461624,-704.417,-296.652
molecule_063,core_F_005,-705.136,-6.102,0.23107074608287917,-705.114,-296.651
molecule_064,core_C_001,-296.721,-5.967,0.26362207703585044,-296.697,-296.631
molecule_064,core_C_002,-298.893,-6.147,0.26355000280079577,-298.870,-296.630
molecule_064,core_C_004,-296.721,-5.967,0.26361261628203403,-296.697,-296.631
molecule_064,core_C_005,-296.796,-5.980,0.26354477635094375,-296.772,-296.632
molecule_064,core_C_006,-296.598,-6.013,0.2636608642899875,-296.574,-296.632
molecule_064,core_C_007,-296.795,-5.980,0.26355524796343516,-296.772,-296.632
molecule_064,core_F_003,-703.393,-5.579,0.2641277321942013,-703.369,-296.632
molecule_065,core_C_001,-296.986,-6.026,0.2689827927780327,-296.962,-296.624
molecule_065,core_C_002,-299.143,-6.153,0.2689744840995885,-298.974,-296.671
molecule_065,core_C_004,-299.143,-6.153,0.2689798223179681,-298.974,-296.672
molecule_065,core_C_006,-296.986,-6.026,0.26898272800243295,-296.962,-296.624
molecule_065,core_C_007,-296.882,-6.037,0.26904181096643354,-296.858,-296.625
molecule_065,core_C_008,-296.882,-6.037,0.2690351348054589,-296.858,-296.625
molecule_065,core_F_003,-703.735,-5.598,0.26949725857413975,-703.711,-296.624
molecule_065,core_F_005,-703.734,-5.598,0.2695237016858195,-703.711,-296.624
molecule_066,core_C_001,-296.828,-6.083,0.26915836882343985,-296.804,-296.622
molecule_066,core_C_002,-299.214,-6.173,0.26896664181537,-299.190,-296.622
molecule_066,core_C_004,-296.958,-6.018,0.26909166229116954,-296.934,-296.621
molecule_066,core_C_005,-299.214,-6.173,0.26896931867915347,-299.190,-296.622
molecule_066,core_C_007,-296.828,-6.083,0.2691563978798379,-296.804,-296.622
molecule_066,core_C_008,-297.099,-6.118,0.2690342178129545,-297.075,-296.622
molecule_066,core_F_003,-703.633,-5.594,0.2694945748647933,-703.608,-296.624
molecule_066,core_F_006,-703.633,-5.594,0.26950924783380015,-703.608,-296.624
molecule_067,core_C_001,-297.019,-6.043,0.2689492846910707,-296.995,-296.621
molecule_067,core_C_002,-299.004,-6.041,0.2689886136903978,-298.980,-296.621
molecule_067,core_C_004,-297.019,-6.043,0.26894299388520265,-296.995,-296.621
molecule_067,core_C_005,-297.019,-6.043,0.26894630626595173,-296.995,-296.621
molecule_067,core_C_006,-299.004,-6.041,0.2689943785330105,-298.980,-296.621
molecule_067,core_C_008,-297.019,-6.043,0.26894408790678187,-296.995,-296.621
molecule_067,core_F_003,-703.538,-5.611,0.2694735741482661,-703.514,-296.624
molecule_067,core_F_007,-703.538,-5.611,0.2694738576093305,-703.514,-296.624
molecule_068,core_C_001,-298.061,-8.128,0.24355064403439883,-298.038,-296.647
molecule_068,core_C_002,-298.146,-8.090,0.24351362774806085,-298.123,-296.648
molecule_068,core_C_003,-305.342,-7.026,0.24229720278229963,-305.318,-296.645
molecule_068,core_F_004,-704.720,-6.618,0.24335466348923437,-704.697,-296.646
molecule_068,core_F_005,-704.728,-6.627,0.23950307939090953,-704.704,-296.646
molecule_068,core_F_006,-704.700,-6.626,0.24081788881452287,-704.676,-296.646
